[{"model": "admin.logentry", "pk": 1, "fields": {"action_time": "2023-10-07T22:07:31.469Z", "user": 1, "content_type": 8, "object_id": "1", "object_repr": "Острая респираторная вирусная инфекция ОРВИ", "action_flag": 1, "change_message": "[{\"added\": {}}]"}}, {"model": "admin.logentry", "pk": 2, "fields": {"action_time": "2023-10-07T22:14:19.128Z", "user": 1, "content_type": 7, "object_id": "1", "object_repr": "Первый триместр беременности", "action_flag": 1, "change_message": "[{\"added\": {}}]"}}, {"model": "admin.logentry", "pk": 3, "fields": {"action_time": "2023-10-07T22:15:14.746Z", "user": 1, "content_type": 7, "object_id": "2", "object_repr": "Грудное вскармливание", "action_flag": 1, "change_message": "[{\"added\": {}}]"}}, {"model": "admin.logentry", "pk": 4, "fields": {"action_time": "2023-10-07T22:16:18.025Z", "user": 1, "content_type": 7, "object_id": "3", "object_repr": "Дети до 3 лет", "action_flag": 1, "change_message": "[{\"added\": {}}]"}}, {"model": "admin.logentry", "pk": 5, "fields": {"action_time": "2023-10-07T22:16:54.726Z", "user": 1, "content_type": 7, "object_id": "4", "object_repr": "Дети до 6 лет", "action_flag": 1, "change_message": "[{\"added\": {}}]"}}, {"model": "admin.logentry", "pk": 6, "fields": {"action_time": "2023-10-07T22:18:25.423Z", "user": 1, "content_type": 11, "object_id": "1", "object_repr": "Умифеновир", "action_flag": 1, "change_message": "[{\"added\": {}}]"}}, {"model": "admin.logentry", "pk": 39, "fields": {"action_time": "2023-10-09T19:13:58.625Z", "user": 1, "content_type": 8, "object_id": "2", "object_repr": "Головная боль", "action_flag": 1, "change_message": "[{\"added\": {}}]"}}, {"model": "admin.logentry", "pk": 40, "fields": {"action_time": "2023-10-09T19:15:52.121Z", "user": 1, "content_type": 8, "object_id": "3", "object_repr": "Зубная боль", "action_flag": 1, "change_message": "[{\"added\": {}}]"}}, {"model": "admin.logentry", "pk": 41, "fields": {"action_time": "2023-10-09T19:17:58.573Z", "user": 1, "content_type": 8, "object_id": "4", "object_repr": "Менструальный спазм", "action_flag": 1, "change_message": "[{\"added\": {}}]"}}, {"model": "admin.logentry", "pk": 42, "fields": {"action_time": "2023-10-09T19:19:49.831Z", "user": 1, "content_type": 8, "object_id": "5", "object_repr": "Ревматизм", "action_flag": 1, "change_message": "[{\"added\": {}}]"}}, {"model": "admin.logentry", "pk": 43, "fields": {"action_time": "2023-10-09T19:21:53.602Z", "user": 1, "content_type": 8, "object_id": "6", "object_repr": "Артроз", "action_flag": 1, "change_message": "[{\"added\": {}}]"}}, {"model": "admin.logentry", "pk": 44, "fields": {"action_time": "2023-10-09T19:24:58.832Z", "user": 1, "content_type": 8, "object_id": "7", "object_repr": "Невралгия", "action_flag": 1, "change_message": "[{\"added\": {}}]"}}, {"model": "admin.logentry", "pk": 45, "fields": {"action_time": "2023-10-09T19:28:33.473Z", "user": 1, "content_type": 7, "object_id": "5", "object_repr": "Гиперчувствительность к компонентам лекарства", "action_flag": 1, "change_message": "[{\"added\": {}}]"}}, {"model": "admin.logentry", "pk": 46, "fields": {"action_time": "2023-10-09T19:33:20.022Z", "user": 1, "content_type": 7, "object_id": "6", "object_repr": "Непереносимость нестероидных противовоспалительных препаратов ( НПВП )", "action_flag": 1, "change_message": "[{\"added\": {}}]"}}, {"model": "admin.logentry", "pk": 47, "fields": {"action_time": "2023-10-09T19:46:26.608Z", "user": 1, "content_type": 7, "object_id": "7", "object_repr": "Бронхиальная астма", "action_flag": 1, "change_message": "[{\"added\": {}}]"}}, {"model": "admin.logentry", "pk": 48, "fields": {"action_time": "2023-10-09T19:49:36.422Z", "user": 1, "content_type": 7, "object_id": "8", "object_repr": "Рецидивирующих полипоз носа", "action_flag": 1, "change_message": "[{\"added\": {}}]"}}, {"model": "admin.logentry", "pk": 49, "fields": {"action_time": "2023-10-09T19:49:59.553Z", "user": 1, "content_type": 7, "object_id": "8", "object_repr": "Рецидивирующий полипоз носа", "action_flag": 2, "change_message": "[{\"changed\": {\"fields\": [\"Name\"]}}]"}}, {"model": "admin.logentry", "pk": 50, "fields": {"action_time": "2023-10-09T19:53:07.994Z", "user": 1, "content_type": 7, "object_id": "9", "object_repr": "Эрозивно-язвенные заболевания", "action_flag": 1, "change_message": "[{\"added\": {}}]"}}, {"model": "admin.logentry", "pk": 51, "fields": {"action_time": "2023-10-09T19:55:55.901Z", "user": 1, "content_type": 7, "object_id": "10", "object_repr": "Кровоточащая язва желудка", "action_flag": 1, "change_message": "[{\"added\": {}}]"}}, {"model": "admin.logentry", "pk": 52, "fields": {"action_time": "2023-10-09T19:59:28.200Z", "user": 1, "content_type": 7, "object_id": "11", "object_repr": "Печеночная недостаточность", "action_flag": 1, "change_message": "[{\"added\": {}}]"}}, {"model": "admin.logentry", "pk": 53, "fields": {"action_time": "2023-10-09T20:02:20.500Z", "user": 1, "content_type": 7, "object_id": "12", "object_repr": "Почечная недостаточность", "action_flag": 1, "change_message": "[{\"added\": {}}]"}}, {"model": "admin.logentry", "pk": 54, "fields": {"action_time": "2023-10-09T20:03:52.520Z", "user": 1, "content_type": 7, "object_id": "13", "object_repr": "Гиперкалиемия", "action_flag": 1, "change_message": "[{\"added\": {}}]"}}, {"model": "admin.logentry", "pk": 55, "fields": {"action_time": "2023-10-09T20:05:55.722Z", "user": 1, "content_type": 7, "object_id": "14", "object_repr": "Сердечная недостаточность", "action_flag": 1, "change_message": "[{\"added\": {}}]"}}, {"model": "admin.logentry", "pk": 56, "fields": {"action_time": "2023-10-09T20:09:10.951Z", "user": 1, "content_type": 7, "object_id": "15", "object_repr": "Цереброваскулярное кровотичение", "action_flag": 1, "change_message": "[{\"added\": {}}]"}}, {"model": "admin.logentry", "pk": 57, "fields": {"action_time": "2023-10-09T20:11:04.780Z", "user": 1, "content_type": 7, "object_id": "16", "object_repr": "Гемофилия", "action_flag": 1, "change_message": "[{\"added\": {}}]"}}, {"model": "admin.logentry", "pk": 58, "fields": {"action_time": "2023-10-09T20:13:50.202Z", "user": 1, "content_type": 7, "object_id": "17", "object_repr": "Геморрагический диатез", "action_flag": 1, "change_message": "[{\"added\": {}}]"}}, {"model": "admin.logentry", "pk": 59, "fields": {"action_time": "2023-10-09T20:14:44.751Z", "user": 1, "content_type": 7, "object_id": "18", "object_repr": "Детский возраст", "action_flag": 1, "change_message": "[{\"added\": {}}]"}}, {"model": "admin.logentry", "pk": 60, "fields": {"action_time": "2023-10-09T20:15:26.671Z", "user": 1, "content_type": 11, "object_id": "1", "object_repr": "Умифеновир", "action_flag": 2, "change_message": "[{\"changed\": {\"fields\": [\"Contrandications\"]}}]"}}, {"model": "admin.logentry", "pk": 61, "fields": {"action_time": "2023-10-09T20:15:40.526Z", "user": 1, "content_type": 7, "object_id": "4", "object_repr": "Дети до 6 лет", "action_flag": 3, "change_message": ""}}, {"model": "admin.logentry", "pk": 62, "fields": {"action_time": "2023-10-09T20:15:47.319Z", "user": 1, "content_type": 7, "object_id": "3", "object_repr": "Дети до 3 лет", "action_flag": 3, "change_message": ""}}, {"model": "admin.logentry", "pk": 63, "fields": {"action_time": "2023-10-09T20:16:07.777Z", "user": 1, "content_type": 11, "object_id": "1", "object_repr": "Умифеновир", "action_flag": 2, "change_message": "[{\"changed\": {\"fields\": [\"Contrandications\"]}}]"}}, {"model": "admin.logentry", "pk": 64, "fields": {"action_time": "2023-10-09T20:18:56.949Z", "user": 1, "content_type": 11, "object_id": "34", "object_repr": "Ибупрофен", "action_flag": 1, "change_message": "[{\"added\": {}}]"}}, {"model": "admin.logentry", "pk": 65, "fields": {"action_time": "2023-10-09T20:20:55.670Z", "user": 1, "content_type": 7, "object_id": "19", "object_repr": "Третий триместр беременности", "action_flag": 1, "change_message": "[{\"added\": {}}]"}}, {"model": "admin.logentry", "pk": 66, "fields": {"action_time": "2023-10-09T20:22:51.721Z", "user": 1, "content_type": 11, "object_id": "34", "object_repr": "Ибупрофен", "action_flag": 2, "change_message": "[{\"changed\": {\"fields\": [\"Contrandications\"]}}]"}}, {"model": "auth.permission", "pk": 1, "fields": {"name": "Can add log entry", "content_type": 1, "codename": "add_logentry"}}, {"model": "auth.permission", "pk": 2, "fields": {"name": "Can change log entry", "content_type": 1, "codename": "change_logentry"}}, {"model": "auth.permission", "pk": 3, "fields": {"name": "Can delete log entry", "content_type": 1, "codename": "delete_logentry"}}, {"model": "auth.permission", "pk": 4, "fields": {"name": "Can view log entry", "content_type": 1, "codename": "view_logentry"}}, {"model": "auth.permission", "pk": 5, "fields": {"name": "Can add permission", "content_type": 2, "codename": "add_permission"}}, {"model": "auth.permission", "pk": 6, "fields": {"name": "Can change permission", "content_type": 2, "codename": "change_permission"}}, {"model": "auth.permission", "pk": 7, "fields": {"name": "Can delete permission", "content_type": 2, "codename": "delete_permission"}}, {"model": "auth.permission", "pk": 8, "fields": {"name": "Can view permission", "content_type": 2, "codename": "view_permission"}}, {"model": "auth.permission", "pk": 9, "fields": {"name": "Can add group", "content_type": 3, "codename": "add_group"}}, {"model": "auth.permission", "pk": 10, "fields": {"name": "Can change group", "content_type": 3, "codename": "change_group"}}, {"model": "auth.permission", "pk": 11, "fields": {"name": "Can delete group", "content_type": 3, "codename": "delete_group"}}, {"model": "auth.permission", "pk": 12, "fields": {"name": "Can view group", "content_type": 3, "codename": "view_group"}}, {"model": "auth.permission", "pk": 13, "fields": {"name": "Can add user", "content_type": 4, "codename": "add_user"}}, {"model": "auth.permission", "pk": 14, "fields": {"name": "Can change user", "content_type": 4, "codename": "change_user"}}, {"model": "auth.permission", "pk": 15, "fields": {"name": "Can delete user", "content_type": 4, "codename": "delete_user"}}, {"model": "auth.permission", "pk": 16, "fields": {"name": "Can view user", "content_type": 4, "codename": "view_user"}}, {"model": "auth.permission", "pk": 17, "fields": {"name": "Can add content type", "content_type": 5, "codename": "add_contenttype"}}, {"model": "auth.permission", "pk": 18, "fields": {"name": "Can change content type", "content_type": 5, "codename": "change_contenttype"}}, {"model": "auth.permission", "pk": 19, "fields": {"name": "Can delete content type", "content_type": 5, "codename": "delete_contenttype"}}, {"model": "auth.permission", "pk": 20, "fields": {"name": "Can view content type", "content_type": 5, "codename": "view_contenttype"}}, {"model": "auth.permission", "pk": 21, "fields": {"name": "Can add session", "content_type": 6, "codename": "add_session"}}, {"model": "auth.permission", "pk": 22, "fields": {"name": "Can change session", "content_type": 6, "codename": "change_session"}}, {"model": "auth.permission", "pk": 23, "fields": {"name": "Can delete session", "content_type": 6, "codename": "delete_session"}}, {"model": "auth.permission", "pk": 24, "fields": {"name": "Can view session", "content_type": 6, "codename": "view_session"}}, {"model": "auth.permission", "pk": 25, "fields": {"name": "Can add contraindication", "content_type": 7, "codename": "add_contraindication"}}, {"model": "auth.permission", "pk": 26, "fields": {"name": "Can change contraindication", "content_type": 7, "codename": "change_contraindication"}}, {"model": "auth.permission", "pk": 27, "fields": {"name": "Can delete contraindication", "content_type": 7, "codename": "delete_contraindication"}}, {"model": "auth.permission", "pk": 28, "fields": {"name": "Can view contraindication", "content_type": 7, "codename": "view_contraindication"}}, {"model": "auth.permission", "pk": 29, "fields": {"name": "Can add disease", "content_type": 8, "codename": "add_disease"}}, {"model": "auth.permission", "pk": 30, "fields": {"name": "Can change disease", "content_type": 8, "codename": "change_disease"}}, {"model": "auth.permission", "pk": 31, "fields": {"name": "Can delete disease", "content_type": 8, "codename": "delete_disease"}}, {"model": "auth.permission", "pk": 32, "fields": {"name": "Can view disease", "content_type": 8, "codename": "view_disease"}}, {"model": "auth.permission", "pk": 33, "fields": {"name": "Can add medicine form", "content_type": 9, "codename": "add_medicineform"}}, {"model": "auth.permission", "pk": 34, "fields": {"name": "Can change medicine form", "content_type": 9, "codename": "change_medicineform"}}, {"model": "auth.permission", "pk": 35, "fields": {"name": "Can delete medicine form", "content_type": 9, "codename": "delete_medicineform"}}, {"model": "auth.permission", "pk": 36, "fields": {"name": "Can view medicine form", "content_type": 9, "codename": "view_medicineform"}}, {"model": "auth.permission", "pk": 37, "fields": {"name": "Can add medicine type", "content_type": 10, "codename": "add_medicinetype"}}, {"model": "auth.permission", "pk": 38, "fields": {"name": "Can change medicine type", "content_type": 10, "codename": "change_medicinetype"}}, {"model": "auth.permission", "pk": 39, "fields": {"name": "Can delete medicine type", "content_type": 10, "codename": "delete_medicinetype"}}, {"model": "auth.permission", "pk": 40, "fields": {"name": "Can view medicine type", "content_type": 10, "codename": "view_medicinetype"}}, {"model": "auth.permission", "pk": 41, "fields": {"name": "Can add medicine", "content_type": 11, "codename": "add_medicine"}}, {"model": "auth.permission", "pk": 42, "fields": {"name": "Can change medicine", "content_type": 11, "codename": "change_medicine"}}, {"model": "auth.permission", "pk": 43, "fields": {"name": "Can delete medicine", "content_type": 11, "codename": "delete_medicine"}}, {"model": "auth.permission", "pk": 44, "fields": {"name": "Can view medicine", "content_type": 11, "codename": "view_medicine"}}, {"model": "auth.user", "pk": 1, "fields": {"password": "pbkdf2_sha256$600000$j1doURUspcRP7rra9GmcfQ$+h/+D7bwYUv+EVaY9eKZ/BblBjwkC4EWNhCO5fJT5rc=", "last_login": "2023-09-29T18:42:10.582Z", "is_superuser": true, "username": "spech13", "first_name": "", "last_name": "", "email": "", "is_staff": true, "is_active": true, "date_joined": "2023-09-29T18:41:50.302Z", "groups": [], "user_permissions": []}}, {"model": "contenttypes.contenttype", "pk": 1, "fields": {"app_label": "admin", "model": "logentry"}}, {"model": "contenttypes.contenttype", "pk": 2, "fields": {"app_label": "auth", "model": "permission"}}, {"model": "contenttypes.contenttype", "pk": 3, "fields": {"app_label": "auth", "model": "group"}}, {"model": "contenttypes.contenttype", "pk": 4, "fields": {"app_label": "auth", "model": "user"}}, {"model": "contenttypes.contenttype", "pk": 5, "fields": {"app_label": "contenttypes", "model": "contenttype"}}, {"model": "contenttypes.contenttype", "pk": 6, "fields": {"app_label": "sessions", "model": "session"}}, {"model": "contenttypes.contenttype", "pk": 7, "fields": {"app_label": "pharmacy", "model": "contraindication"}}, {"model": "contenttypes.contenttype", "pk": 8, "fields": {"app_label": "pharmacy", "model": "disease"}}, {"model": "contenttypes.contenttype", "pk": 9, "fields": {"app_label": "pharmacy", "model": "medicineform"}}, {"model": "contenttypes.contenttype", "pk": 10, "fields": {"app_label": "pharmacy", "model": "medicinetype"}}, {"model": "contenttypes.contenttype", "pk": 11, "fields": {"app_label": "pharmacy", "model": "medicine"}}, {"model": "sessions.session", "pk": "qp9rpyvroeeq6v5qvcd3c1ufeggdmklg", "fields": {"session_data": ".eJxVjDEOwjAMRe-SGUVxS03MyM4ZIieOaQElUtNOiLtDpQ6w_vfef5nA6zKGteU5TGLOBszhd4ucHrlsQO5cbtWmWpZ5inZT7E6bvVbJz8vu_h2M3MZv3atj9CdQdYhK0CVKqjQQYE9dJEwdsIgKYh4cQXJesI9I_igEHM37A9uXN74:1qmIRG:712ATSf-IVIBPDC658vFUOUCMbm-aJyfCj9iFMetP5Q", "expire_date": "2023-10-13T18:42:10.590Z"}}, {"model": "pharmacy.medicineform", "pk": 1, "fields": {"name": "LIQUID", "created_at": "2023-09-29T18:41:22.810Z", "updated_at": "2023-09-29T18:41:22.810Z"}}, {"model": "pharmacy.medicineform", "pk": 2, "fields": {"name": "SOLIDE", "created_at": "2023-09-29T18:41:22.810Z", "updated_at": "2023-09-29T18:41:22.810Z"}}, {"model": "pharmacy.medicineform", "pk": 3, "fields": {"name": "MAGIC", "created_at": "2023-09-29T18:41:22.810Z", "updated_at": "2023-09-29T18:41:22.810Z"}}, {"model": "pharmacy.medicineform", "pk": 4, "fields": {"name": "AEROSOL", "created_at": "2023-09-29T18:41:22.810Z", "updated_at": "2023-09-29T18:41:22.810Z"}}, {"model": "pharmacy.medicinetype", "pk": 1, "fields": {"name": "DROPS", "medicine_form": 1, "created_at": "2023-09-29T18:41:22.832Z", "updated_at": "2023-09-29T18:41:22.832Z"}}, {"model": "pharmacy.medicinetype", "pk": 2, "fields": {"name": "TINCTURE", "medicine_form": 1, "created_at": "2023-09-29T18:41:22.832Z", "updated_at": "2023-09-29T18:41:22.832Z"}}, {"model": "pharmacy.medicinetype", "pk": 3, "fields": {"name": "INFUSION", "medicine_form": 1, "created_at": "2023-09-29T18:41:22.832Z", "updated_at": "2023-09-29T18:41:22.832Z"}}, {"model": "pharmacy.medicinetype", "pk": 4, "fields": {"name": "SYRUP", "medicine_form": 1, "created_at": "2023-09-29T18:41:22.832Z", "updated_at": "2023-09-29T18:41:22.832Z"}}, {"model": "pharmacy.medicinetype", "pk": 5, "fields": {"name": "SUSPENSION", "medicine_form": 1, "created_at": "2023-09-29T18:41:22.832Z", "updated_at": "2023-09-29T18:41:22.832Z"}}, {"model": "pharmacy.medicinetype", "pk": 6, "fields": {"name": "EMULSION", "medicine_form": 1, "created_at": "2023-09-29T18:41:22.832Z", "updated_at": "2023-09-29T18:41:22.832Z"}}, {"model": "pharmacy.medicinetype", "pk": 7, "fields": {"name": "CAPSULE", "medicine_form": 2, "created_at": "2023-09-29T18:41:22.836Z", "updated_at": "2023-09-29T18:41:22.836Z"}}, {"model": "pharmacy.medicinetype", "pk": 8, "fields": {"name": "TABLET", "medicine_form": 2, "created_at": "2023-09-29T18:41:22.836Z", "updated_at": "2023-09-29T18:41:22.836Z"}}, {"model": "pharmacy.medicinetype", "pk": 9, "fields": {"name": "POWDER", "medicine_form": 2, "created_at": "2023-09-29T18:41:22.836Z", "updated_at": "2023-09-29T18:41:22.836Z"}}, {"model": "pharmacy.medicinetype", "pk": 10, "fields": {"name": "GRANULE", "medicine_form": 2, "created_at": "2023-09-29T18:41:22.836Z", "updated_at": "2023-09-29T18:41:22.836Z"}}, {"model": "pharmacy.medicinetype", "pk": 11, "fields": {"name": "DRAGEE", "medicine_form": 2, "created_at": "2023-09-29T18:41:22.836Z", "updated_at": "2023-09-29T18:41:22.836Z"}}, {"model": "pharmacy.medicinetype", "pk": 12, "fields": {"name": "CARAMEL", "medicine_form": 2, "created_at": "2023-09-29T18:41:22.836Z", "updated_at": "2023-09-29T18:41:22.836Z"}}, {"model": "pharmacy.medicinetype", "pk": 13, "fields": {"name": "PENCIL", "medicine_form": 2, "created_at": "2023-09-29T18:41:22.836Z", "updated_at": "2023-09-29T18:41:22.836Z"}}, {"model": "pharmacy.medicinetype", "pk": 14, "fields": {"name": "CREAM", "medicine_form": 3, "created_at": "2023-09-29T18:41:22.841Z", "updated_at": "2023-09-29T18:41:22.841Z"}}, {"model": "pharmacy.medicinetype", "pk": 15, "fields": {"name": "OINTMENT", "medicine_form": 3, "created_at": "2023-09-29T18:41:22.841Z", "updated_at": "2023-09-29T18:41:22.841Z"}}, {"model": "pharmacy.medicinetype", "pk": 16, "fields": {"name": "GEL", "medicine_form": 3, "created_at": "2023-09-29T18:41:22.841Z", "updated_at": "2023-09-29T18:41:22.841Z"}}, {"model": "pharmacy.medicinetype", "pk": 17, "fields": {"name": "SUPPOSITORS", "medicine_form": 3, "created_at": "2023-09-29T18:41:22.841Z", "updated_at": "2023-09-29T18:41:22.841Z"}}, {"model": "pharmacy.medicinetype", "pk": 18, "fields": {"name": "PASTE", "medicine_form": 3, "created_at": "2023-09-29T18:41:22.841Z", "updated_at": "2023-09-29T18:41:22.841Z"}}, {"model": "pharmacy.disease", "pk": 1, "fields": {"name": "Острая респираторная вирусная инфекция ОРВИ", "description": "Заболевание дыхательных путей. Симптомы: общая слабость; резкое повышение температуры тела; головные боли; покраснение мягкого неба; сухость, першение, жжение в горле; боли в грудной клетке; кашель; хрипы; жесткое дыхание. Симптомы у маленьких детей: диарея; плачь; повышение температуры; отказ от еды; снижение веса; плохой сон.", "created_at": "2023-10-07T22:07:31.464Z", "updated_at": "2023-10-07T22:07:31.464Z"}}, {"model": "pharmacy.disease", "pk": 2, "fields": {"name": "Головная боль", "description": "Боль в лобовой части головы, включая волосистую часть кожи головы, верхнюю часть шеи, лицо и внутреннюю часть головы.", "created_at": "2023-10-09T19:13:58.620Z", "updated_at": "2023-10-09T19:13:58.620Z"}}, {"model": "pharmacy.disease", "pk": 3, "fields": {"name": "Зубная боль", "description": "Боль, возникающая в зубе, или тканях, непосредственно окружающих его.", "created_at": "2023-10-09T19:15:52.120Z", "updated_at": "2023-10-09T19:15:52.120Z"}}, {"model": "pharmacy.disease", "pk": 4, "fields": {"name": "Менструальный спазм", "description": "Боль в нижней части живота ( в области малого таза ) за несколько дней до, во  время или после начала менструации.", "created_at": "2023-10-09T19:17:58.571Z", "updated_at": "2023-10-09T19:17:58.571Z"}}, {"model": "pharmacy.disease", "pk": 5, "fields": {"name": "Ревматизм", "description": "Болезнь суставов и мышц с поражением сердечно-сосудистой системы, обычно сопровождающаяся острыми болями, ломотой.", "created_at": "2023-10-09T19:19:49.829Z", "updated_at": "2023-10-09T19:19:49.829Z"}}, {"model": "pharmacy.disease", "pk": 6, "fields": {"name": "Артроз", "description": "Заболевание суставов дегенеративно-дистрофического характера с постепенным разрушением хрящевой и разрастанием костной ткани.", "created_at": "2023-10-09T19:21:53.600Z", "updated_at": "2023-10-09T19:21:53.600Z"}}, {"model": "pharmacy.disease", "pk": 7, "fields": {"name": "Невралгия", "description": "Поражение периферического нерва, сопровождающееся появлением жжения, приступообразной боли и других неприятных ощущений.", "created_at": "2023-10-09T19:24:58.830Z", "updated_at": "2023-10-09T19:24:58.830Z"}}, {"model": "pharmacy.contraindication", "pk": 1, "fields": {"name": "Первый триместр беременности", "description": "Период с 1-ой по 13-ю неделю беременности", "created_at": "2023-10-07T22:14:19.126Z", "updated_at": "2023-10-07T22:14:19.126Z"}}, {"model": "pharmacy.contraindication", "pk": 2, "fields": {"name": "Грудное вскармливание", "description": "Дети, которых кормят грудью.", "created_at": "2023-10-07T22:15:14.744Z", "updated_at": "2023-10-07T22:15:14.744Z"}}, {"model": "pharmacy.contraindication", "pk": 5, "fields": {"name": "Гиперчувствительность к компонентам лекарства", "description": "Повышенная чувствительность организма к компонентам, входящих в состав лекарства.", "created_at": "2023-10-09T19:28:33.470Z", "updated_at": "2023-10-09T19:28:33.471Z"}}, {"model": "pharmacy.contraindication", "pk": 6, "fields": {"name": "Непереносимость нестероидных противовоспалительных препаратов ( НПВП )", "description": "НПВП - группа лекарственных средств, обладающих обезболивающим, жаропонижающим и противовоспалительным эффектами.", "created_at": "2023-10-09T19:33:20.020Z", "updated_at": "2023-10-09T19:33:20.020Z"}}, {"model": "pharmacy.contraindication", "pk": 7, "fields": {"name": "Бронхиальная астма", "description": "Хроническое воспалительное заболевание дыхательных путей, которое проявляется приступами отдышки, свистящего дыхания, кашля, а в тяжелых случаях выраженными и даже жизнеугражающим нарушением функции дыхания.", "created_at": "2023-10-09T19:46:26.607Z", "updated_at": "2023-10-09T19:46:26.607Z"}}, {"model": "pharmacy.contraindication", "pk": 8, "fields": {"name": "Рецидивирующий полипоз носа", "description": "Хроническое заболевание слизистой оболочки носа и околоносовых пазух, в основе которого лежит воспаление слизистой оболочки, проявляющееся образованием и рецидивирующим ростом полипов.", "created_at": "2023-10-09T19:49:36.420Z", "updated_at": "2023-10-09T19:49:59.550Z"}}, {"model": "pharmacy.contraindication", "pk": 9, "fields": {"name": "Эрозивно-язвенные заболевания", "description": "Формирование поверхности или углубленных дефектов слизистой оболочки пищеварительного тракта в условиях снижения активности защитных факторов.", "created_at": "2023-10-09T19:53:07.992Z", "updated_at": "2023-10-09T19:53:07.992Z"}}, {"model": "pharmacy.contraindication", "pk": 10, "fields": {"name": "Кровоточащая язва желудка", "description": "Осложнение язвенной болезни, заключающееся в истечении крови в полость желудка из поврежденных сосудов.", "created_at": "2023-10-09T19:55:55.899Z", "updated_at": "2023-10-09T19:55:55.899Z"}}, {"model": "pharmacy.contraindication", "pk": 11, "fields": {"name": "Печеночная недостаточность", "description": "Тяжелое нарушение функций печени, вызванное нарушением или химическим соединением, повредившим печень.", "created_at": "2023-10-09T19:59:28.199Z", "updated_at": "2023-10-09T19:59:28.199Z"}}, {"model": "pharmacy.contraindication", "pk": 12, "fields": {"name": "Почечная недостаточность", "description": "Состояние, при котором одна или обе почки не могут в полном объеме выполнять свои функции в результате какого-любо заболевания.", "created_at": "2023-10-09T20:02:20.499Z", "updated_at": "2023-10-09T20:02:20.499Z"}}, {"model": "pharmacy.contraindication", "pk": 13, "fields": {"name": "Гиперкалиемия", "description": "Повышение концентрации калия в крови выше 5,0 мг-экв/л.", "created_at": "2023-10-09T20:03:52.519Z", "updated_at": "2023-10-09T20:03:52.519Z"}}, {"model": "pharmacy.contraindication", "pk": 14, "fields": {"name": "Сердечная недостаточность", "description": "Синдром, возникающий из-за ухудшения насосной функции сердца, что приводит к его неспособности обеспечить нормальное кровоснабжение всего организма.", "created_at": "2023-10-09T20:05:55.720Z", "updated_at": "2023-10-09T20:05:55.720Z"}}, {"model": "pharmacy.contraindication", "pk": 15, "fields": {"name": "Цереброваскулярное кровотичение", "description": "Кровотечение в мозге, вызванное разрывом сосудов.", "created_at": "2023-10-09T20:09:10.950Z", "updated_at": "2023-10-09T20:09:10.950Z"}}, {"model": "pharmacy.contraindication", "pk": 16, "fields": {"name": "Гемофилия", "description": "Наследственное нарушение свертываемости крови, вызванное недостатком фактора свертывания крови 8 и 9.", "created_at": "2023-10-09T20:11:04.778Z", "updated_at": "2023-10-09T20:11:04.778Z"}}, {"model": "pharmacy.contraindication", "pk": 17, "fields": {"name": "Геморрагический диатез", "description": "Болезнь крови, характеризующаяся наклонностью организма к возникновению спонтанных или неадекватных травме кровоизлияний и кровотечений.", "created_at": "2023-10-09T20:13:50.200Z", "updated_at": "2023-10-09T20:13:50.200Z"}}, {"model": "pharmacy.contraindication", "pk": 18, "fields": {"name": "Детский возраст", "description": "Ограничение для детей", "created_at": "2023-10-09T20:14:44.749Z", "updated_at": "2023-10-09T20:14:44.749Z"}}, {"model": "pharmacy.contraindication", "pk": 19, "fields": {"name": "Третий триместр беременности", "description": "Завершающий период вынашивания малыша, 27 акушерская неделя.", "created_at": "2023-10-09T20:20:55.669Z", "updated_at": "2023-10-09T20:20:55.669Z"}}, {"model": "pharmacy.medicine", "pk": 1, "fields": {"name": "Умифеновир", "medicine_type": 7, "created_at": "2023-10-07T22:18:25.409Z", "updated_at": "2023-10-09T20:16:07.768Z", "disease": [1], "contraindication": [1, 2, 18]}}, {"model": "pharmacy.medicine", "pk": 34, "fields": {"name": "Ибупрофен", "medicine_type": 8, "created_at": "2023-10-09T20:18:56.940Z", "updated_at": "2023-10-09T20:22:51.715Z", "disease": [2, 3, 4, 5, 6, 7], "contraindication": [5, 6, 7, 8, 9, 10, 11, 12, 13, 14, 15, 16, 17, 18, 19]}}]